Date,Team,Inning,Pitcher,Batter,BC,Result,Prev,Next,LEV,REs,REa,WPe,WPa
06월 01일, NC,5회말,카스타노,3 고승민,5 (2-2),좌익수 방면 1루타,"2사 2,3루 1:0",이닝종료 1:2,3.08,0.613,-0.613,66.30%,0.234
06월 02일, NC,6회말,류진욱,3 고승민,3 (1-1),우중간 홈런,2사 만루 4:5,2사 4:9,2.57,0.909,3.209,97.10%,0.211
05월 04일, 삼성,7회초,최하늘,2 고승민,3 (2-0),우익수 방면 1루타,"1사 1,2루 1:2","1사 1,2루 2:2",3.79,0.991,1,43.90%,0.182
05월 09일, 한화,1회말,페냐,2 고승민,3 (0-2),우익수 뒤 홈런,무사 1루 2:0,무사 2:2,1.54,0.973,1.579,54.80%,0.162
05월 03일, 삼성,7회초,임창민,2 고승민,5 (1-2),좌익수 방면 2루타,무사 4:5,무사 2루 4:5,1.73,0.55,0.748,57.80%,0.118
05월 19일, 두산,11회초,최지강,3 고승민,4 (3-0),4구,무사 1루 3:3,"무사 1,2루 3:3",3.44,0.983,0.668,30.20%,0.117
05월 16일, KT,3회초,쿠에바스,2 고승민,3 (0-2),우익수 방면 1루타,"무사 1,2루 1:0","무사 1,3루 2:0",1.74,1.66,1.261,18.80%,0.112
05월 28일, 한화,3회초,문동주,3 고승민,7 (3-2),우익수 방면 1루타,"1사 1,3루 1:1","1사 1,3루 2:1",2.07,1.269,1,32.10%,0.104
05월 10일, LG,3회말,엔스,2 고승민,1 (0-0),우익수 방면 2루타,1사 1루 2:0,"1사 2,3루 2:0",1.39,0.545,1.071,42.70%,0.1
05월 23일, KIA,2회말,윤중현,3 고승민,4 (3-0),중견수 방면 2루타,2사 3루 2:3,2사 2루 2:4,1.22,0.429,0.963,73.90%,0.092
05월 02일, 키움,2회말,김인범,6 고승민,4 (2-1),중견수 방면 3루타,1사 1:0,1사 3루 1:0,0.71,0.283,0.693,49.10%,0.075
05월 08일, 한화,5회말,류현진,2 고승민,3 (0-2),좌익수 방면 2루타,2사 3루 0:2,2사 2루 0:3,0.95,0.432,0.959,88.10%,0.072
05월 25일, 삼성,5회말,최하늘,3 고승민,6 (2-2),우익수 방면 1루타,1사 3:4,1사 3루 3:4,0.63,0.294,0.731,76.10%,0.072
05월 21일, KIA,7회말,최지민,3 고승민,10 (3-2),4구,2사 1:4,2사 1루 1:4,0.22,0.118,1.121,93.70%,0.065
05월 25일, 삼성,1회말,이호성,3 고승민,5 (3-1),우익수 방면 1루타,무사 2루 0:1,무사 1루 0:2,1.02,1.264,0.718,76.00%,0.061
05월 29일, 한화,8회초,이민우,3 고승민,5 (2-2),좌익수 방면 2루타,무사 0:3,무사 2루 0:3,0.88,0.566,0.69,87.70%,0.054
05월 08일, 한화,1회말,류현진,2 고승민,2 (0-1),중견수 방면 1루타,무사 1루 0:0,"무사 1,2루 0:0",1.42,0.973,0.7,63.70%,0.054
05월 09일, 한화,3회말,이충호,2 고승민,5 (3-1),4구,2사 만루 2:5,2사 만루 2:6,1.38,0.952,1,90.40%,0.051
03월 23일, SSG,6회초,오원석,2 고승민,6 (3-2),4구,"2사 1,2루 3:4",2사 만루 3:4,2.73,0.491,0.447,62.30%,0.05
05월 03일, 삼성,5회초,코너,2 고승민,4 (3-0),4구,무사 3:5,무사 1루 3:5,1.13,0.55,0.42,70.70%,0.048
05월 04일, 삼성,3회초,레예스,2 고승민,5 (2-2),우익수 방면 2루타,1사 1:2,1사 2루 1:2,0.73,0.283,0.495,59.30%,0.047
05월 24일, 삼성,3회말,레예스,2 고승민,7 (3-2),우익수 방면 1루타,무사 5:3,무사 1루 5:3,1.05,0.562,0.419,36.70%,0.044
05월 17일, 두산,4회초,최준호,3 고승민,6 (2-2),중견수 방면 1루타,무사 0:0,무사 1루 0:0,1.08,0.559,0.418,45.70%,0.043
06월 02일, NC,4회말,신민혁,3 고승민,5 (2-2),우익수 방면 1루타,무사 3:0,무사 1루 3:0,0.97,0.568,0.417,25.20%,0.042
05월 17일, 두산,8회초,박치국,3 고승민,1 (0-0),우익수 방면 1루타,"무사 1,3루 1:0","무사 1,2루 2:0",1.14,1.932,0.727,8.90%,0.041
05월 31일, NC,1회말,신영우,3 고승민,4 (3-0),4구,"무사 1,3루 0:0",무사 만루 0:0,1.54,1.881,0.737,70.70%,0.036
03월 24일, SSG,6회초,엘리아스,2 고승민,1 (0-0),우익수 방면 1루타,1사 0:2,1사 1루 0:2,0.85,0.271,0.26,77.80%,0.036
06월 01일, NC,1회말,카스타노,3 고승민,4 (3-0),4구,1사 1루 0:0,"1사 1,2루 0:0",1.16,0.552,0.442,58.50%,0.035
04월 30일, 키움,9회말,주승우,6 고승민,1 (0-0),우익수 방면 2루타,"2사 1,2루 9:5",2사 2루 9:7,0.54,0.492,1.897,4.70%,0.033
05월 01일, 키움,7회말,김성민,8 고승민,2 (0-1),좌익수 방면 1루타,무사 5:1,무사 1루 5:1,0.69,0.549,0.421,10.00%,0.032
05월 24일, 삼성,7회말,임창민,2 고승민,6 (3-2),4구,1사 7:4,1사 1루 7:4,0.7,0.294,0.255,12.80%,0.032
05월 02일, 키움,8회말,김재웅,6 고승민,3 (1-1),중견수 희생플라이 아웃,무사 3루 5:5,1사 5:6,1.85,1.533,-0.251,85.50%,0.028
05월 25일, 삼성,7회말,김태훈,3 고승민,5 (0-2),우익수 방면 1루타,2사 6:5,2사 1루 6:5,0.94,0.118,0.123,30.40%,0.028
05월 01일, 키움,8회말,문성현,8 고승민,3 (0-2),좌익수 방면 1루타,2사 3루 6:2,2사 1루 6:3,0.49,0.426,0.801,5.50%,0.026
05월 19일, 두산,8회초,이병헌,3 고승민,1 (0-0),좌익수 방면 1루타,2사 3:3,2사 1루 3:3,0.98,0.118,0.121,55.60%,0.025
03월 24일, SSG,3회초,엘리아스,2 고승민,2 (0-1),우익수 방면 2루타,2사 0:0,2사 2루 0:0,0.46,0.104,0.276,51.80%,0.025
03월 24일, SSG,9회초,문승원,2 고승민,6 (2-2),우익수 방면 2루타,2사 만루 1:6,2사 2루 4:6,0.43,0.937,2.443,96.30%,0.025
03월 23일, SSG,1회초,김광현,2 고승민,5 (2-2),우익수 방면 1루타,1사 0:0,1사 1루 0:0,0.62,0.271,0.26,49.80%,0.024
05월 26일, 삼성,6회말,임창민,3 고승민,5 (2-2),좌익수 방면 1루타,"2사 1,2루 1:5","2사 1,2루 1:6",0.32,0.509,1,97.40%,0.023
05월 26일, 삼성,3회말,원태인,3 고승민,7 (3-2),4구,2사 1루 1:1,"2사 1,2루 1:1",0.92,0.242,0.266,54.80%,0.022
05월 16일, KT,8회초,김민,2 고승민,4 (2-1),유격수 땅볼실책 출루,1사 1루 2:0,"1사 1,2루 2:0",0.65,0.552,0.448,11.50%,0.018
05월 04일, 삼성,5회초,레예스,2 고승민,4 (2-1),중견수 방면 1루타,2사 1:2,2사 1루 1:2,0.57,0.112,0.118,67.80%,0.018
03월 27일, KIA,6회초,네일,2 고승민,1 (0-0),좌중간 홈런,1사 0:6,1사 1:6,0.15,0.273,1,96.50%,0.016
03월 27일, KIA,4회초,네일,2 고승민,5 (3-1),1루수 포구실책 출루,무사 0:6,무사 1루 0:6,0.34,0.531,0.415,93.80%,0.015
05월 16일, KT,3회초,쿠에바스,2 고승민,,1루주자 고승민 : 2루 도루,"1사 1,3루 2:0","1사 2,3루 2:0",1.46,1.262,0.34,21.70%,0.015
04월 30일, 키움,8회말,문성현,6 고승민,5 (3-1),좌익수 방면 1루타,무사 3루 9:3,무사 1루 9:4,0.34,1.517,0.453,3.60%,0.015
05월 22일, KIA,3회말,윤영철,3 고승민,4 (1-2),중견수 방면 1루타,2사 0:0,2사 1루 0:0,0.47,0.116,0.121,52.60%,0.014
03월 24일, SSG,8회초,노경은,2 고승민,1 (0-0),사구,1사 1루 0:5,"1사 1,2루 0:5",0.32,0.531,0.443,97.00%,0.013
05월 26일, 삼성,1회말,원태인,3 고승민,1 (0-0),좌익수 방면 1루타,2사 1:0,2사 1루 1:0,0.42,0.118,0.124,41.80%,0.013
05월 29일, 한화,1회초,황준서,3 고승민,5 (3-1),4구,2사 0:0,2사 1루 0:0,0.4,0.119,0.124,52.60%,0.012
05월 02일, 키움,5회말,김인범,6 고승민,2 (1-0),우익수 방면 1루타,2사 4:5,2사 1루 4:5,0.42,0.111,0.119,68.50%,0.012
04월 26일, NC,9회초,이용찬,2 고승민,7 (1-2),좌익수 방면 2루타,1사 0:4,1사 2루 0:4,0.17,0.275,0.493,98.40%,0.011
05월 26일, 삼성,1회말,원태인,3 고승민,,1루주자 고승민 : 폭투로 2루 진루,2사 1루 1:0,2사 2루 1:0,0.83,0.242,0.148,42.80%,0.01
03월 23일, SSG,1회초,김광현,2 고승민,7 (3-2),1루주자 고승민 : 2루 도루,1사 1루 0:0,2사 2루 0:0,0.79,0.221,0.159,51.60%,0.01
05월 22일, KIA,5회말,김도현,3 고승민,5 (3-1),4구,1사 3루 0:2,"1사 1,3루 0:2",0.97,1.018,0.235,85.90%,0.009
03월 27일, KIA,4회초,네일,2 고승민,,1루주자 고승민 : 2루 도루,무사 1루 0:6,무사 2루 0:6,0.62,0.946,0.31,93.20%,0.006
05월 09일, 한화,7회말,장지수,2 고승민,7 (3-2),4구,1사 5:10,1사 1루 5:10,0.04,0.282,0.264,98.60%,0.001
05월 09일, 한화,7회말,장지수,2 고승민,6 (2-2),1루주자 고승민 : 2루 도루,1사 1루 5:10,2사 2루 5:10,0.05,0.23,0.162,98.60%,0.001
05월 31일, NC,5회말,송명기,3 고승민,2 (1-0),우익수 방면 1루타,"1사 1,2루 1:11","1사 1,3루 1:12",0.02,0.994,1.275,99.90%,0.001
05월 31일, NC,3회말,최성영,3 고승민,4 (3-0),4구,2사 2루 1:9,"2사 1,2루 1:9",0.07,0.393,0.119,98.60%,0
05월 04일, 삼성,9회초,육선엽,2 고승민,4 (1-2),좌익수 방면 1루타,2사 1루 9:2,"2사 1,3루 9:2",0.01,0.23,0.343,0.10%,0
05월 26일, 삼성,8회말,홍원표,3 고승민,4 (3-0),4구,"무사 2,3루 1:7",무사 만루 1:7,0.01,2.292,0.297,99.90%,0
05월 09일, 한화,8회말,장지수,2 고승민,5 (3-1),4구,"무사 1,2루 5:14",무사 만루 5:14,0,1.666,0.81,100.00%,0
06월 02일, NC,8회말,전사민,3 고승민,5 (2-2),루킹 삼진,무사 3루 4:12,1사 3루 4:12,0,1.517,-0.482,100.00%,0
05월 31일, NC,7회말,임정호,3 고승민,2 (0-1),유격수 방면 1루타,2사 1:13,2사 1루 1:13,0,0.119,0.125,100.00%,0
03월 30일, NC,8회말,김재열,2 고승민,1 (0-0),투수 땅볼 아웃,1사 8:0,2사 8:0,0.02,0.276,-0.168,0.10%,-0.001
05월 17일, 두산,9회초,이교훈,3 고승민,1 (0-0),중견수 플라이 아웃,2사 1루 5:0,이닝종료 5:0,0.02,0.238,-0.238,0.80%,-0.001
05월 30일, 한화,7회초,박상원,3 고승민,3 (0-2),2루수 땅볼 아웃,무사 0:9,1사 0:9,0.03,0.567,-0.27,99.90%,-0.001
05월 23일, KIA,8회말,김민재,3 고승민,5 (1-2),루킹 삼진,"1사 1,2루 4:9","2사 1,2루 4:9",0.04,0.99,-0.484,99.50%,-0.001
05월 10일, LG,8회말,정우영,2 고승민,2 (0-1),2루수 땅볼 아웃,무사 9:1,1사 9:1,0.04,0.553,-0.269,0.10%,-0.001
03월 30일, NC,5회말,신민혁,2 고승민,4 (1-2),1루수 땅볼 아웃,2사 8:0,이닝종료 8:0,0.04,0.108,-0.108,0.70%,-0.001
05월 08일, 한화,7회말,김범수,2 고승민,5 (1-2),1루수 파울플라이 아웃,무사 0:5,1사 0:5,0.05,0.551,-0.268,98.50%,-0.001
05월 18일, 두산,9회초,이영하,3 고승민,4 (1-2),헛스윙 삼진,2사 3루 3:8,이닝종료 3:8,0.04,0.436,-0.436,100.00%,-0.002
05월 04일, 삼성,8회초,육선엽,2 고승민,5 (2-2),헛스윙 삼진,무사 1루 7:2,1사 1루 7:2,0.1,0.971,-0.425,1.70%,-0.002
05월 18일, 두산,7회초,김택연,3 고승민,5 (1-2),헛스윙 삼진,1사 3:8,2사 3:8,0.21,0.295,-0.177,98.40%,-0.005
05월 23일, KIA,7회말,이준영,3 고승민,4 (1-2),2루수 땅볼 아웃,무사 3:6,1사 3:6,0.21,0.56,-0.269,93.80%,-0.006
05월 31일, NC,2회말,최성영,3 고승민,5 (2-2),중견수 플라이 아웃,무사 1:6,1사 1:6,0.22,0.567,-0.27,91.60%,-0.006
03월 29일, NC,7회말,한재승,2 고승민,4 (0-2),우익수 플라이 아웃,1사 1:3,2사 1:3,0.31,0.275,-0.168,87.20%,-0.008
05월 16일, KT,5회초,쿠에바스,2 고승민,4 (1-2),2루수 땅볼 아웃,2사 2:0,이닝종료 2:0,0.34,0.116,-0.116,28.40%,-0.009
05월 24일, 삼성,1회말,레예스,2 고승민,5 (2-2),헛스윙 삼진,1사 5:0,2사 5:0,0.38,0.294,-0.176,11.10%,-0.01
05월 30일, 한화,1회초,김기중,3 고승민,4 (1-2),루킹 삼진,2사 0:0,이닝종료 0:0,0.4,0.119,-0.119,54.80%,-0.01
06월 02일, NC,1회말,신민혁,3 고승민,5 (1-2),우익수 플라이 아웃,2사 0:0,이닝종료 0:0,0.4,0.118,-0.118,50.00%,-0.01
05월 21일, KIA,1회말,네일,3 고승민,4 (2-1),유격수 땅볼 아웃,2사 1:0,이닝종료 1:0,0.42,0.118,-0.118,39.50%,-0.011
05월 25일, 삼성,3회말,이호성,3 고승민,2 (1-0),2루수 플라이 아웃,무사 0:3,1사 0:3,0.45,0.563,-0.269,83.20%,-0.011
05월 14일, KT,5회초,엄상백,2 고승민,5 (2-2),유격수 땅볼 아웃,2사 2:1,이닝종료 2:1,0.47,0.115,-0.115,41.20%,-0.012
06월 01일, NC,3회말,카스타노,3 고승민,2 (0-1),2루수 땅볼 아웃,2사 1:0,이닝종료 1:0,0.49,0.119,-0.119,37.50%,-0.013
05월 30일, 한화,4회초,김기중,3 고승민,6 (1-2),2루수 땅볼 아웃,2사 0:1,이닝종료 0:1,0.51,0.119,-0.119,68.80%,-0.013
06월 02일, NC,5회말,송명기,3 고승민,6 (3-2),중견수 플라이 아웃,2사 4:2,이닝종료 4:2,0.53,0.118,-0.118,21.70%,-0.014
05월 09일, 한화,5회말,김범수,2 고승민,6 (2-2),3루수 직선타 아웃,1사 2루 5:8,2사 2루 5:8,0.51,0.784,-0.393,88.10%,-0.014
03월 30일, NC,1회말,신민혁,2 고승민,9 (2-2),헛스윙 삼진,1사 3:0,2사 3:0,0.58,0.276,-0.168,22.70%,-0.014
05월 23일, KIA,5회말,곽도규,3 고승민,4 (1-2),루킹 삼진,무사 3:5,1사 3:5,0.57,0.56,-0.269,80.10%,-0.014
05월 08일, 한화,3회말,류현진,2 고승민,1 (0-0),좌익수 플라이 아웃,1사 0:1,2사 0:1,0.59,0.283,-0.171,63.50%,-0.015
03월 27일, KIA,7회초,장현식,2 고승민,6 (2-2),낫아웃 삼진,2사 2루 2:6,이닝종료 2:6,0.51,0.381,-0.381,97.20%,-0.015
03월 31일, NC,1회말,카스타노,2 고승민,3 (0-2),2루수 땅볼 아웃,1사 0:0,2사 0:0,0.62,0.275,-0.169,51.00%,-0.015
03월 29일, NC,1회말,김시훈,2 고승민,10 (3-2),1루수 땅볼 아웃,1사 0:0,2사 0:0,0.62,0.275,-0.168,51.00%,-0.015
05월 14일, KT,1회초,엄상백,2 고승민,3 (0-2),우익수 플라이 아웃,1사 0:0,2사 0:0,0.62,0.288,-0.173,53.80%,-0.016
05월 04일, 삼성,1회초,레예스,2 고승민,5 (2-2),우익수 플라이 아웃,1사 0:0,2사 0:0,0.62,0.283,-0.171,53.80%,-0.016
03월 27일, KIA,1회초,네일,2 고승민,5 (2-2),헛스윙 삼진,1사 0:0,2사 0:0,0.62,0.273,-0.168,53.80%,-0.016
03월 26일, KIA,1회초,양현종,2 고승민,4 (1-2),낫아웃 삼진,1사 0:0,2사 0:0,0.62,0.271,-0.167,53.80%,-0.016
03월 24일, SSG,1회초,엘리아스,2 고승민,4 (1-2),낫아웃 삼진,1사 0:0,2사 0:0,0.62,0.271,-0.167,53.80%,-0.016
05월 10일, LG,1회말,엔스,2 고승민,4 (1-2),2루수 땅볼 아웃,1사 2:0,2사 2:0,0.64,0.283,-0.171,30.90%,-0.016
05월 03일, 삼성,3회초,코너,2 고승민,3 (0-2),헛스윙 삼진,1사 1루 0:5,2사 1루 0:5,0.66,0.545,-0.315,92.40%,-0.016
05월 10일, LG,5회말,엔스,2 고승민,3 (1-1),2루수 땅볼 아웃,2사 2:1,이닝종료 2:1,0.64,0.113,-0.113,33.70%,-0.016
04월 02일, 한화,2회초,산체스,7 고승민,10 (3-2),1루수 땅볼 아웃,1사 0:0,2사 0:0,0.65,0.276,-0.168,54.00%,-0.016
05월 19일, 두산,6회초,브랜든,3 고승민,2 (1-0),투수 땅볼 아웃,2사 1:2,이닝종료 1:2,0.67,0.118,-0.118,74.30%,-0.017
05월 16일, KT,1회초,쿠에바스,2 고승민,1 (0-0),좌익수 플라이 아웃,무사 2루 0:0,1사 2루 0:0,1.44,0.981,-0.193,48.20%,-0.018
03월 26일, KIA,3회초,양현종,2 고승민,4 (2-1),3루수 땅볼 아웃,1사 0:0,2사 0:0,0.72,0.271,-0.167,54.30%,-0.018
05월 19일, 두산,4회초,브랜든,3 고승민,4 (1-2),헛스윙 삼진,1사 0:2,2사 0:2,0.72,0.293,-0.175,77.80%,-0.018
05월 26일, 삼성,5회말,원태인,3 고승민,7 (2-2),헛스윙 삼진,무사 1루 1:3,1사 1루 1:3,0.89,0.98,-0.431,81.60%,-0.021
05월 09일, 한화,2회말,페냐,2 고승민,2 (0-1),우익수 플라이 아웃,1사 2루 2:4,2사 3루 2:4,0.86,0.784,-0.353,74.30%,-0.021
05월 22일, KIA,7회말,이준영,3 고승민,5 (2-2),1루수 인필드플라이 아웃,"무사 1,2루 1:3","1사 1,2루 1:3",0.71,1.645,-0.651,90.50%,-0.022
05월 12일, LG,6회말,김유영,2 고승민,6 (3-2),포수 파울플라이 아웃,2사 1루 3:4,이닝종료 3:4,0.79,0.233,-0.233,69.60%,-0.022
03월 31일, NC,3회말,카스타노,2 고승민,5 (2-2),좌익수 플라이 아웃,2사 1루 3:0,이닝종료 3:0,0.78,0.223,-0.223,18.20%,-0.022
05월 29일, 한화,6회초,황준서,3 고승민,1 (0-0),좌익수 플라이 아웃,무사 0:3,1사 0:3,0.92,0.566,-0.268,89.00%,-0.024
03월 30일, NC,3회말,신민혁,2 고승민,4 (1-2),헛스윙 삼진,1사 1루 4:0,2사 1루 4:0,0.99,0.538,-0.311,13.70%,-0.024
05월 11일, LG,8회말,김유영,2 고승민,1 (0-0),우익수 방면 1루타,무사 1루 2:0,1사 3루 2:0,3.05,0.979,0.021,21.60%,-0.025
05월 29일, 한화,3회초,황준서,3 고승민,6 (3-2),우익수 플라이 아웃,2사 2루 0:3,이닝종료 0:3,0.96,0.39,-0.39,84.30%,-0.027
05월 28일, 한화,1회초,문동주,3 고승민,6 (2-2),헛스윙 삼진,1사 1루 0:0,2사 1루 0:0,1.15,0.551,-0.309,52.60%,-0.028
03월 29일, NC,3회말,김시훈,2 고승민,6 (3-2),2루수 땅볼 아웃,2사 1루 1:0,이닝종료 1:0,0.98,0.228,-0.228,37.50%,-0.028
05월 18일, 두산,5회초,곽빈,3 고승민,1 (0-0),중견수 플라이 아웃,1사 1루 2:5,2사 1루 2:5,1.19,0.549,-0.307,86.60%,-0.029
05월 14일, KT,4회초,엄상백,2 고승민,7 (1-2),중견수 플라이 아웃,무사 0:1,1사 0:1,1.14,0.556,-0.268,65.40%,-0.029
05월 22일, KIA,1회말,윤영철,3 고승민,5 (3-1),중견수 플라이 아웃,1사 2루 0:0,2사 3루 0:0,1.21,0.792,-0.36,53.60%,-0.03
06월 01일, NC,8회말,김영규,3 고승민,6 (3-2),중견수 플라이 아웃,2사 3:2,이닝종료 3:2,1.25,0.119,-0.119,16.20%,-0.032
04월 27일, NC,5회초,김시훈,7 고승민,5 (1-2),3루수 땅볼 아웃,무사 0:1,1사 0:1,1.27,0.541,-0.264,67.30%,-0.032
05월 11일, LG,1회말,손주영,2 고승민,2 (0-1),중견수 플라이 아웃,무사 1루 0:0,1사 1루 0:0,1.42,0.979,-0.433,55.00%,-0.033
05월 03일, 삼성,1회초,코너,2 고승민,3 (1-1),3루수 플라이 아웃,무사 1루 0:0,1사 1루 0:0,1.44,0.971,-0.425,49.80%,-0.033
03월 23일, SSG,3회초,김광현,2 고승민,5 (1-2),헛스윙 삼진,1사 1루 1:2,2사 1루 1:2,1.39,0.531,-0.31,64.40%,-0.033
05월 18일, 두산,3회초,곽빈,3 고승민,4 (2-1),중견수 희생플라이 아웃,"무사 2,3루 0:4",1사 2루 1:4,1.49,2.292,-0.503,78.30%,-0.034
05월 19일, 두산,1회초,브랜든,3 고승민,5 (2-2),중견수 플라이 아웃,1사 2루 0:0,2사 2루 0:0,1.21,0.8,-0.403,51.60%,-0.034
05월 17일, 두산,6회초,최준호,3 고승민,5 (3-1),좌익수 플라이 아웃,무사 0:0,1사 0:0,1.34,0.559,-0.268,53.40%,-0.034
04월 27일, NC,2회초,김시훈,7 고승민,4 (1-2),2루수 플라이 아웃,2사 2루 0:0,이닝종료 0:0,1.2,0.385,-0.385,55.10%,-0.034
05월 11일, LG,6회말,손주영,2 고승민,6 (2-2),헛스윙 삼진,무사 2:0,1사 2:0,1.38,0.554,-0.269,22.00%,-0.035
05월 23일, KIA,1회말,김사윤,3 고승민,5 (2-2),루킹 삼진,1사 2루 2:0,2사 2루 2:0,1.26,0.793,-0.401,33.10%,-0.035
05월 12일, LG,1회말,강효종,2 고승민,4 (1-2),중견수 플라이 아웃,무사 1루 1:0,1사 1루 1:0,1.53,0.975,-0.43,44.80%,-0.035
03월 26일, KIA,5회초,양현종,2 고승민,3 (1-1),선행주자아웃 출루,1사 1루 0:0,2사 1루 0:0,1.59,0.531,-0.31,53.50%,-0.038
05월 02일, 키움,4회말,김인범,6 고승민,3 (1-1),선행주자아웃 출루,"무사 1,2루 4:1","1사 1,3루 4:1",2.38,1.666,-0.4,28.20%,-0.038
04월 02일, 한화,7회초,주현상,7 고승민,3 (0-2),헛스윙 삼진,무사 0:0,1사 0:0,1.54,0.542,-0.266,53.90%,-0.039
03월 26일, KIA,7회초,최지민,2 고승민,6 (3-2),유격수 파울플라이 아웃,무사 1:1,1사 1:1,1.54,0.529,-0.258,53.90%,-0.039
05월 21일, KIA,3회말,네일,3 고승민,5 (2-2),중견수 플라이 아웃,2사 2루 1:0,이닝종료 1:0,1.39,0.397,-0.397,37.50%,-0.039
05월 21일, KIA,6회말,네일,3 고승민,3 (0-2),2루수 땅볼 아웃,무사 1:0,1사 1:0,1.57,0.562,-0.27,35.20%,-0.04
03월 29일, NC,6회말,이준호,2 고승민,5 (2-2),2루수 땅볼 아웃,무사 1:0,1사 1:0,1.57,0.535,-0.26,35.20%,-0.04
05월 12일, LG,8회말,김진성,2 고승민,3 (1-1),2루수 땅볼 아웃,2사 1루 6:4,이닝종료 6:4,1.5,0.233,-0.233,7.40%,-0.043
03월 23일, SSG,5회초,김광현,2 고승민,6 (2-2),헛스윙 삼진,무사 1루 2:4,1사 1루 2:4,1.93,0.947,-0.416,75.10%,-0.044
05월 17일, 두산,1회초,최준호,3 고승민,1 (0-0),유격수 병살타 아웃,1사 1루 0:0,이닝종료 0:0,1.15,0.55,-0.55,54.80%,-0.05
05월 12일, LG,2회말,이우찬,2 고승민,4 (0-2),좌익수 플라이 아웃,1사 만루 1:3,2사 만루 1:3,1.69,1.808,-0.868,76.50%,-0.05
05월 19일, 두산,8회초,이병헌,3 고승민,1 (0-1),1루주자 고승민 : 2루도루실패,2사 1루 3:3,이닝종료 3:3,1.8,0.239,-0.239,60.70%,-0.051
05월 01일, 키움,4회말,이종민,8 고승민,3 (1-1),3루수 땅볼 아웃,"2사 1,2루 0:0",이닝종료 0:0,2.02,0.492,-0.492,50.00%,-0.052
05월 18일, 두산,1회초,곽빈,3 고승민,3 (0-2),헛스윙 삼진,"무사 1,2루 0:0","1사 1,2루 0:0",1.87,1.643,-0.659,46.20%,-0.052
05월 14일, KT,8회초,김민,2 고승민,4 (2-1),좌익수 플라이 아웃,무사 3:4,1사 3:4,2.16,0.556,-0.268,80.30%,-0.055
05월 28일, 한화,5회초,문동주,3 고승민,1 (0-0),2루수 병살타 아웃,1사 1루 3:2,이닝종료 3:2,1.25,0.551,-0.551,41.20%,-0.055
03월 23일, SSG,8회초,노경은,2 고승민,8 (3-2),헛스윙 삼진,1사 2루 3:5,2사 2루 3:5,2.01,0.768,-0.388,89.80%,-0.056
05월 24일, 삼성,5회말,레예스,2 고승민,6 (3-2),낫아웃 삼진,무사 2루 5:3,1사 2루 5:3,1.82,1.258,-0.467,30.80%,-0.059
05월 03일, 삼성,9회초,김재윤,2 고승민,8 (2-2),유격수 파울플라이 아웃,무사 6:6,1사 6:6,2.32,0.55,-0.267,55.90%,-0.059
04월 02일, 한화,4회초,산체스,7 고승민,5 (2-2),헛스윙 삼진,"2사 2,3루 0:0",이닝종료 0:0,2.44,0.618,-0.618,56.00%,-0.072
05월 01일, 키움,2회말,이종민,8 고승민,4 (1-2),1루수 땅볼 출루,1사 3루 0:0,2사 1루 0:0,1.45,0.98,-0.753,52.40%,-0.076
03월 26일, KIA,9회초,정해영,2 고승민,3 (0-2),헛스윙 삼진,2사 1루 1:2,이닝종료 1:2,2.8,0.221,-0.221,100.00%,-0.079
05월 12일, LG,4회말,박명근,2 고승민,4 (1-2),2루수 땅볼 출루,1사 3루 3:3,2사 1루 3:3,1.73,1.004,-0.771,52.80%,-0.092
05월 11일, LG,3회말,손주영,2 고승민,2 (0-1),2루수 병살타 아웃,"무사 1,2루 0:0",2사 3루 0:0,2.03,1.67,-1.234,54.20%,-0.112
04월 12일, LG,8회말,이정용,6 고승민,7 (3-2),우익수 뒤 홈런,"2사 1,2루 5:4",2사 5:7,4.74,0.484,2.615,93.00%,0.646
05월 10일, 두산,3회말,최원준,2 고승민,4 (2-1),우익수 방면 2루타,"1사 1,2루 0:0","1사 2,3루 0:1",2.15,0.977,1.601,74.90%,0.153
04월 12일, LG,4회말,강효종,6 고승민,6 (1-2),좌익수 방면 2루타,2사 1루 3:2,2사 2루 3:3,1.09,0.215,1.158,54.10%,0.151
05월 02일, KIA,6회초,임기영,2 고승민,3 (0-2),중견수 방면 3루타,"2사 1,3루 5:3",2사 3루 7:3,1.37,0.536,1.851,8.20%,0.135
06월 09일, 삼성,5회초,원태인,6 고승민,1 (0-0),좌익수 방면 1루타,"2사 2,3루 2:0",2사 2루 4:0,1.54,0.634,1.739,10.50%,0.133
06월 20일, KT,3회초,배제성,1 고승민,1 (0-0),우익수 뒤 홈런,1사 0:0,1사 1:0,0.72,0.266,1,40.80%,0.117
07월 06일, 한화,3회초,문동주,3 고승민,6 (3-2),중견수 방면 2루타,2사 2루 1:1,2사 2루 2:1,1.3,0.373,1,40.10%,0.117
04월 02일, 두산,7회초,최원준,5 고승민,6 (3-2),우익수 방면 1루타,1사 1루 0:0,"1사 1,3루 0:0",2.05,0.53,0.728,38.20%,0.115
04월 13일, LG,4회말,켈리,2 고승민,2 (0-1),우익수 방면 1루타,2사 만루 2:4,"2사 1,3루 2:6",1.89,0.944,1.592,91.50%,0.112
06월 07일, KT,4회말,엄상백,2 고승민,2 (0-1),투수 희생번트 송구실책 출루,무사 1루 0:0,"무사 1,3루 0:0",1.73,0.94,0.869,70.90%,0.107
05월 13일, KT,2회초,엄상백,7 고승민,7 (3-2),중견수 방면 1루타,"1사 2,3루 0:0","1사 2,3루 1:0",1.59,1.578,1,31.50%,0.095
04월 15일, 삼성,1회초,수아레즈,2 고승민,4 (2-1),우익수 방면 1루타,무사 1루 0:0,"무사 1,3루 0:0",1.44,0.94,0.869,37.60%,0.089
05월 18일, 한화,5회초,장민재,3 고승민,3 (0-2),우익수 방면 1루타,2사 2루 2:0,2사 1루 3:0,0.96,0.373,0.842,17.40%,0.083
04월 22일, NC,3회초,신민혁,3 고승민,1 (0-0),우익수 방면 2루타,1사 1루 2:1,"1사 2,3루 2:1",1.14,0.53,1.048,30.20%,0.082
04월 01일, 두산,10회초,박치국,5 고승민,6 (3-2),4구,무사 9:9,무사 1루 9:9,2.32,0.523,0.417,41.80%,0.082
06월 25일, LG,3회초,최동환,3 고승민,6 (3-2),4구,"무사 1,2루 0:0",무사 만루 0:0,2.09,1.623,0.77,31.80%,0.08
04월 19일, KIA,3회말,이의리,2 고승민,4 (3-0),4구,"무사 1,2루 0:0",무사 만루 0:0,2.03,1.623,0.77,73.10%,0.077
08월 26일, KT,4회말,배제성,5 고승민,2 (0-1),중견수 방면 1루타,무사 2루 1:1,"무사 1,3루 1:1",1.44,1.249,0.561,70.90%,0.076
05월 30일, LG,8회초,정우영,9 고승민,4 (2-1),중견수 방면 1루타,무사 1:3,무사 1루 1:3,1.45,0.523,0.417,79.90%,0.067
07월 02일, 두산,6회말,알칸타라,1 고승민,2 (0-1),우익수 방면 1루타,무사 2:1,무사 1루 2:1,1.57,0.523,0.417,45.60%,0.063
07월 01일, 두산,6회말,곽빈,1 고승민,5 (3-1),4구,무사 1:0,무사 1루 1:0,1.57,0.523,0.417,45.60%,0.063
04월 11일, LG,6회말,임찬규,5 고승민,5 (2-2),우익수 방면 1루타,1사 1루 4:2,"1사 1,2루 4:2",1.85,0.53,0.447,32.00%,0.06
06월 21일, KT,1회초,고영표,1 고승민,1 (0-0),우익수 방면 2루타,무사 0:0,무사 2루 0:0,0.87,0.523,0.726,44.10%,0.059
05월 31일, LG,6회초,켈리,4 고승민,4 (3-0),4구,무사 1루 2:1,"무사 1,2루 2:1",1.54,0.94,0.683,24.40%,0.056
08월 26일, KT,7회말,주권,5 고승민,4 (1-2),우익수 방면 1루타,"2사 1,2루 2:4","2사 1,2루 2:5",0.78,0.484,1,94.10%,0.055
06월 23일, LG,8회초,켈리,1 고승민,6 (2-2),중견수 희생플라이 아웃,1사 3루 0:1,2사 1:1,3.39,0.979,0.12,58.20%,0.051
04월 16일, 삼성,4회초,원태인,3 고승민,3 (1-1),중견수 방면 2루타,1사 0:0,1사 2루 0:0,0.78,0.266,0.484,47.70%,0.05
05월 18일, 한화,1회초,장민재,3 고승민,6 (3-2),4구,무사 1루 1:0,"무사 1,2루 1:0",1.29,0.94,0.683,32.20%,0.048
04월 13일, LG,4회말,켈리,2 고승민,3 (0-2),중견수 방면 1루타,무사 2:0,무사 1루 2:0,1.13,0.523,0.417,35.40%,0.048
06월 30일, 두산,8회말,정철원,1 고승민,6 (3-2),4구,1사 0:0,1사 1루 0:0,1.39,0.266,0.264,60.70%,0.047
04월 20일, KIA,5회말,최지민,3 고승민,,1루주자 렉스 : 폭투로 2루 진루,"무사 1,2루 3:4","무사 2,3루 3:4",1.59,1.623,0.434,83.70%,0.046
06월 03일, KIA,6회말,임기영,7 고승민,6 (3-2),4구,"2사 1,2루 3:0",2사 만루 3:0,1.91,0.484,0.46,19.70%,0.044
04월 14일, 삼성,7회초,뷰캐넌,2 고승민,1 (0-0),좌익수 방면 1루타,"2사 1,3루 4:8","2사 1,2루 5:8",0.99,0.536,0.948,90.10%,0.044
06월 09일, 삼성,4회초,원태인,6 고승민,1 (0-0),우익수 방면 1루타,1사 1루 0:0,"1사 1,2루 0:0",1.44,0.53,0.447,45.40%,0.043
05월 21일, SSG,9회말,서진용,8 고승민,5 (3-1),4구,무사 2루 6:2,"무사 1,2루 6:2",0.92,1.249,0.375,8.60%,0.043
05월 25일, NC,2회말,이용준,7 고승민,6 (2-2),우익수 방면 2루타,무사 0:2,무사 2루 0:2,0.62,0.523,0.726,79.30%,0.043
07월 05일, 한화,3회초,한승주,1 고승민,6 (3-2),4구,무사 0:1,무사 1루 0:1,1.03,0.523,0.417,57.10%,0.043
06월 11일, 삼성,9회초,오승환,6 고승민,3 (1-1),중견수 방면 1루타,2사 2:3,2사 1루 2:3,1.41,0.099,0.116,92.10%,0.043
05월 19일, SSG,4회말,박종훈,3 고승민,4 (2-1),중견수 방면 1루타,무사 1:1,무사 1루 1:1,1.07,0.523,0.417,60.20%,0.042
06월 27일, 삼성,6회말,원태인,1 고승민,5 (2-2),중견수 방면 2루타,1사 1:2,1사 2루 1:2,0.62,0.266,0.484,76.20%,0.04
05월 13일, KT,4회초,엄상백,7 고승민,3 (0-2),우익수 방면 3루타,무사 4:0,무사 3루 4:0,0.35,0.523,1.072,8.10%,0.038
06월 28일, 삼성,1회말,수아레즈,1 고승민,8 (2-2),2루수 포구실책 출루,무사 2:0,무사 1루 2:0,0.91,0.523,0.417,38.60%,0.038
04월 18일, KIA,7회말,김대유,2 고승민,5 (2-2),사구,1사 2루 5:4,"1사 1,2루 5:4",2.7,0.75,0.227,44.00%,0.038
06월 17일, SSG,9회초,서진용,1 고승민,2 (1-0),좌익수 방면 1루타,무사 5:8,무사 1루 5:8,0.75,0.523,0.417,92.90%,0.038
06월 09일, 삼성,2회초,원태인,6 고승민,4 (3-0),4구,무사 0:0,무사 1루 0:0,0.93,0.523,0.417,46.20%,0.038
05월 31일, LG,2회초,켈리,4 고승민,4 (0-2),중견수 방면 1루타,무사 0:0,무사 1루 0:0,0.93,0.523,0.417,46.20%,0.038
04월 09일, KT,2회말,배제성,7 고승민,6 (3-2),4구,1사 1루 0:0,"1사 1,2루 0:0",1.22,0.53,0.447,59.00%,0.037
08월 16일, SSG,6회말,임준섭,8 고승민,5 (3-1),4구,1사 4:4,1사 1루 4:4,0.98,0.266,0.264,57.80%,0.036
06월 25일, LG,1회초,이정용,3 고승민,3 (0-2),우익수 방면 1루타,1사 1루 0:0,"1사 1,2루 0:0",1.15,0.53,0.447,46.20%,0.036
06월 22일, KT,1회초,벤자민,1 고승민,6 (1-2),중견수 방면 1루타,무사 0:0,무사 1루 0:0,0.87,0.523,0.417,46.50%,0.036
06월 20일, KT,1회초,배제성,1 고승민,2 (1-0),좌익수 방면 1루타,무사 0:0,무사 1루 0:0,0.87,0.523,0.417,46.50%,0.036
06월 17일, SSG,1회초,김광현,1 고승민,6 (3-2),4구,무사 0:0,무사 1루 0:0,0.87,0.523,0.417,46.50%,0.036
07월 02일, 두산,1회말,알칸타라,1 고승민,4 (1-2),중견수 방면 1루타,무사 0:0,무사 1루 0:0,0.87,0.523,0.417,58.30%,0.035
04월 11일, LG,4회말,임찬규,5 고승민,6 (3-2),2루수 포구실책 출루,1사 3:2,1사 1루 3:2,0.85,0.266,0.264,42.80%,0.034
05월 16일, 한화,2회초,페냐,7 고승민,6 (3-2),좌익수 방면 1루타,무사 1:0,무사 1루 1:0,0.82,0.523,0.417,36.20%,0.033
04월 20일, KIA,5회말,메디나,3 고승민,7 (3-2),4구,무사 3:4,무사 1루 3:4,0.84,0.523,0.417,74.30%,0.033
05월 25일, NC,3회말,이준호,7 고승민,7 (3-2),4구,무사 만루 0:3,무사 만루 0:4,0.83,2.393,1,94.70%,0.031
09월 06일, 삼성,3회말,와이드너,9 고승민,6 (3-2),4구,1사 1:0,1사 1루 1:0,0.77,0.266,0.264,43.70%,0.03
04월 26일, 한화,3회말,장민재,3 고승민,7 (3-2),4구,1사 1:1,1사 1루 1:1,0.72,0.266,0.264,55.70%,0.028
06월 18일, SSG,6회초,백승건,1 고승민,2 (0-1),투수 희생번트 송구실책 출루,무사 2루 4:0,무사 2루 5:0,0.33,1.249,1,3.40%,0.026
05월 25일, NC,2회말,이용준,7 고승민,,1루주자 박승욱 : 2루 이중도루,"1사 1,3루 0:2",1사 2루 0:3,1.04,1.578,0.172,83.50%,0.025
04월 21일, NC,1회초,구창모,2 고승민,6 (3-2),4구,1사 0:0,1사 1루 0:0,0.62,0.266,0.264,49.80%,0.024
04월 18일, KIA,1회말,앤더슨,2 고승민,4 (2-1),우익수 방면 1루타,1사 0:0,1사 1루 0:0,0.62,0.266,0.264,55.00%,0.024
04월 13일, LG,1회말,켈리,2 고승민,4 (1-2),우익수 방면 1루타,1사 0:0,1사 1루 0:0,0.62,0.266,0.264,55.00%,0.024
04월 28일, 키움,3회말,최원태,3 고승민,6 (3-2),중견수 방면 1루타,무사 2:4,무사 1루 2:4,0.61,0.523,0.417,79.20%,0.024
04월 15일, 삼성,3회초,수아레즈,2 고승민,4 (3-0),4구,1사 1:0,1사 1루 1:0,0.62,0.266,0.264,38.40%,0.024
06월 17일, SSG,1회초,김광현,1 고승민,,1루주자 고승민 : 2루 도루,무사 1루 0:0,무사 2루 0:0,1.44,0.94,0.309,44.10%,0.024
09월 09일, NC,4회초,최성영,9 고승민,1 (0-0),우익수 방면 2루타,2사 4:3,2사 2루 4:3,0.43,0.099,0.274,39.10%,0.023
04월 22일, NC,1회초,신민혁,3 고승민,7 (3-2),1루수 포구실책 출루,2사 0:0,2사 2루 0:0,0.4,0.099,0.274,51.60%,0.022
06월 22일, KT,8회초,박영현,1 고승민,3 (1-1),우익수 방면 1루타,2사 2:4,2사 1루 2:4,0.51,0.099,0.116,90.50%,0.022
05월 21일, SSG,3회말,맥카티,8 고승민,6 (3-2),4구,1사 4:0,1사 1루 4:0,0.51,0.266,0.264,16.10%,0.021
06월 30일, 두산,10회말,홍건희,1 고승민,,1루주자 고승민 : 2루 도루,"1사 1,3루 0:0","1사 2,3루 0:0",5.23,1.258,0.32,84.40%,0.02
06월 10일, 삼성,9회초,오승환,5 고승민,3 (1-1),우익수 방면 1루타,"2사 2,3루 5:9","2사 1,3루 6:9",0.47,0.634,0.902,96.50%,0.019
05월 23일, NC,6회말,류진욱,3 고승민,6 (3-2),4구,무사 0:2,무사 1루 0:2,0.5,0.523,0.417,86.80%,0.019
04월 01일, 두산,6회초,이형범,5 고승민,2 (0-1),좌익수 방면 2루타,무사 7:3,무사 2루 7:3,0.26,0.523,0.726,6.10%,0.019
09월 09일, NC,6회초,김영규,7 고승민,3 (1-1),좌익수 방면 2루타,2사 4:2,2사 2루 4:2,0.33,0.099,0.274,22.80%,0.018
04월 13일, LG,6회말,유영찬,2 고승민,2 (1-0),좌익수 희생플라이 아웃,1사 만루 5:6,"2사 1,2루 5:7",2.2,1.665,-0.181,84.40%,0.018
08월 06일, SSG,5회말,맥카티,7 고승민,1 (0-0),2루수 방면 번트 내야 안타,2사 0:0,2사 1루 0:0,0.58,0.099,0.116,53.10%,0.017
06월 16일, SSG,6회초,맥카티,4 고승민,4 (1-2),중견수 방면 1루타,2사 1루 1:5,"2사 1,2루 1:5",0.48,0.215,0.269,92.40%,0.015
05월 16일, 한화,10회초,강재민,7 고승민,2 (0-1),좌익수 방면 2루타,1사 3:1,1사 2루 3:1,0.23,0.266,0.484,6.70%,0.015
05월 27일, 키움,4회초,최원태,5 고승민,7 (3-2),4구,2사 3루 0:0,"2사 1,3루 0:0",1.67,0.387,0.149,50.00%,0.015
06월 28일, 삼성,4회말,수아레즈,1 고승민,3 (2-0),선행주자아웃 출루,"1사 1,3루 5:4",2사 1루 5:5,2.47,1.258,-0.043,52.80%,0.014
08월 04일, SSG,2회말,박종훈,7 고승민,5 (3-1),4구,2사 1:0,2사 1루 1:0,0.46,0.099,0.116,41.10%,0.014
06월 30일, 두산,3회말,브랜든,1 고승민,4 (1-2),중견수 방면 1루타,2사 0:0,2사 1루 0:0,0.47,0.099,0.116,52.60%,0.014
06월 13일, 한화,5회말,정우람,5 고승민,6 (1-2),중견수 방면 1루타,무사 3:6,무사 1루 3:6,0.36,0.523,0.417,90.10%,0.014
06월 22일, KT,4회초,벤자민,1 고승민,5 (3-1),4구,2사 2루 1:2,"2사 1,2루 1:2",1.44,0.373,0.111,63.30%,0.014
06월 17일, SSG,5회초,김광현,1 고승민,4 (3-0),4구,1사 3:0,1사 1루 3:0,0.35,0.266,0.264,15.90%,0.013
04월 20일, KIA,1회말,메디나,3 고승민,6 (3-2),4구,2사 0:0,2사 1루 0:0,0.4,0.099,0.116,52.20%,0.012
04월 26일, 한화,3회말,장민재,3 고승민,,1루주자 고승민 : 2루 도루,2사 1루 1:1,2사 2루 1:1,0.92,0.215,0.158,53.70%,0.011
05월 13일, KT,6회초,이선우,7 고승민,2 (1-0),우익수 방면 2루타,무사 5:0,무사 2루 5:0,0.15,0.523,0.726,3.40%,0.011
04월 20일, KIA,7회말,이준영,3 고승민,5 (3-1),4구,1사 3:5,1사 1루 3:5,0.31,0.266,0.264,89.00%,0.011
08월 04일, SSG,2회말,박종훈,7 고승민,,1루주자 고승민 : 2루 도루,2사 1루 1:0,2사 2루 1:0,0.9,0.215,0.158,42.20%,0.011
06월 13일, 한화,6회말,한승주,5 고승민,3 (3-0),자동 고의4구,"2사 2,3루 5:6",2사 만루 5:6,1.84,0.634,0.31,76.00%,0.01
09월 15일, 키움,10회말,박승주,9 고승민,4 (3-0),4구,1사 2루 4:4,"1사 1,2루 4:4",3.17,0.75,0.227,70.80%,0.01
04월 20일, KIA,1회말,메디나,3 고승민,,1루주자 고승민 : 2루 도루,2사 1루 0:0,2사 2루 0:0,0.79,0.215,0.158,53.20%,0.01
05월 19일, SSG,8회말,이로운,3 고승민,4 (3-0),4구,무사 2:4,무사 1루 2:4,0.23,0.523,0.417,94.90%,0.009
04월 11일, LG,7회말,유영찬,5 고승민,4 (3-0),4구,2사 3루 5:6,"2사 1,3루 5:6",1.31,0.387,0.149,79.10%,0.008
09월 21일, KT,8회초,이상동,3 고승민,5 (3-1),4구,1사 0:5,1사 1루 0:5,0.14,0.266,0.264,98.30%,0.007
06월 25일, LG,4회초,이우찬,3 고승민,6 (3-2),4구,2사 3:0,2사 1루 3:0,0.25,0.099,0.116,19.70%,0.007
04월 19일, KIA,5회말,이의리,2 고승민,4 (3-0),4구,2사 5:0,2사 1루 5:0,0.18,0.099,0.116,5.70%,0.007
04월 27일, 한화,7회말,윤대경,3 고승민,2 (0-1),우익수 방면 1루타,2사 1루 0:3,"2사 1,3루 0:3",0.21,0.215,0.321,94.30%,0.007
06월 25일, LG,4회초,이우찬,3 고승민,,1루주자 고승민 : 2루 도루,2사 1루 3:0,2사 2루 3:0,0.48,0.215,0.158,19.10%,0.006
04월 09일, KT,8회말,손동현,7 고승민,3 (2-0),우익수 방면 1루타,무사 1루 0:3,"무사 1,2루 0:3",0.17,0.94,0.683,98.30%,0.006
04월 22일, NC,7회초,하준영,3 고승민,4 (1-2),좌익수 방면 1루타,1사 7:3,1사 1루 7:3,0.14,0.266,0.264,5.70%,0.006
06월 17일, SSG,6회초,최민준,1 고승민,5 (3-1),4구,"2사 2,3루 3:0",2사 만루 3:0,0.94,0.634,0.31,12.40%,0.005
07월 06일, 한화,3회초,문동주,3 고승민,,2루주자 고승민 : 포일로 3루 진루,2사 2루 2:1,2사 3루 2:1,1.15,0.373,0.014,39.70%,0.004
04월 22일, NC,9회초,김시훈,3 고승민,5 (3-1),4구,1사 9:6,1사 1루 9:6,0.11,0.266,0.264,3.30%,0.004
04월 15일, 삼성,8회초,홍정우,2 고승민,3 (1-1),중견수 방면 1루타,1사 2루 8:3,"1사 1,3루 8:3",0.09,0.75,0.508,1.20%,0.004
04월 22일, NC,7회초,하준영,3 고승민,5 (2-2),1루주자 고승민 : 2루 도루,1사 1루 7:3,2사 2루 7:3,0.2,0.215,0.158,6.00%,0.003
09월 05일, 삼성,7회말,장필준,1 고승민,6 (3-2),4구,2사 1루 3:7,"2사 1,2루 3:7",0.11,0.215,0.269,97.10%,0.002
08월 16일, SSG,7회말,문승원,8 고승민,7 (3-2),4구,2사 3루 4:7,"2사 1,3루 4:7",0.37,0.387,0.149,94.30%,0.002
05월 31일, LG,9회초,성동현,4 고승민,4 (3-0),4구,1사 2루 6:1,"1사 1,2루 6:1",0.04,0.75,0.227,0.50%,0
05월 25일, NC,7회말,전사민,7 고승민,3 (0-2),2루수 방면 내야 안타,2사 1루 0:9,"2사 1,3루 0:9",0,0.215,0.321,99.90%,0
05월 18일, 한화,8회초,주현상,3 고승민,,자동 고의4구,"1사 2,3루 5:0",1사 만루 5:0,0.11,1.578,0.087,1.00%,0
04월 26일, 한화,8회말,한승혁,3 고승민,3 (2-0),좌익수 방면 2루타,2사 1:8,2사 2루 1:8,0,0.099,0.274,99.90%,0
06월 16일, SSG,9회초,임준섭,4 고승민,4 (2-1),우익수 방면 1루타,무사 1:12,무사 1루 1:12,0,0.523,0.417,100.00%,0
06월 02일, KIA,8회말,장현식,3 고승민,6 (3-2),좌익수 플라이 아웃,2사 1루 2:14,이닝종료 2:14,0,0.215,-0.215,100.00%,0
05월 25일, NC,8회말,하준영,7 고승민,1 (0-0),좌익수 플라이 아웃,2사 만루 1:11,이닝종료 1:11,0,0.944,-0.944,100.00%,0
06월 04일, KIA,9회말,김유신,9 고승민,3 (0-2),좌익수 플라이 아웃,2사 6:0,이닝종료 6:0,0.01,0.099,-0.099,0.00%,0
06월 21일, KT,8회초,주권,1 고승민,3 (0-2),2루수 땅볼 아웃,2사 1:8,이닝종료 1:8,0.01,0.099,-0.099,99.90%,0
05월 03일, KIA,9회초,김기훈,8 고승민,1 (0-0),중견수 플라이 아웃,무사 2:10,1사 2:10,0.01,0.523,-0.257,100.00%,0
06월 18일, SSG,7회초,백승건,1 고승민,1 (0-0),유격수 플라이 아웃,2사 7:0,이닝종료 7:0,0.01,0.099,-0.099,1.00%,0
04월 16일, 삼성,8회초,이승현,3 고승민,2 (1-0),좌익수 플라이 아웃,1사 1:9,2사 1:9,0.02,0.266,-0.167,100.00%,0
04월 19일, KIA,9회말,정해영,2 고승민,6 (2-2),좌익수 플라이 아웃,2사 1루 6:0,이닝종료 6:0,0.02,0.215,-0.215,0.00%,-0.001
06월 04일, KIA,7회말,임기영,9 고승민,5 (2-2),좌익수 플라이 아웃,1사 1루 6:0,2사 1루 6:0,0.14,0.266,-0.052,1.20%,-0.001
05월 25일, NC,5회말,이준호,7 고승민,2 (1-0),우익수 플라이 아웃,무사 2루 0:8,1사 2루 0:8,0.03,1.249,-0.499,99.40%,-0.001
05월 02일, KIA,9회초,최지민,2 고승민,9 (2-2),2루수 땅볼 아웃,1사 7:3,2사 7:3,0.05,0.266,-0.167,1.70%,-0.001
08월 26일, KT,1회말,배제성,5 고승민,2 (0-1),중견수 희생플라이 아웃,1사 만루 0:0,"2사 1,2루 0:1",2.48,1.665,-0.181,64.20%,-0.002
06월 24일, LG,5회초,플럿코,1 고승민,6 (3-2),헛스윙 삼진,1사 0:8,2사 0:8,0.06,0.266,-0.167,99.30%,-0.002
05월 13일, KT,8회초,조현우,7 고승민,3 (1-1),1루수 땅볼 아웃,무사 5:0,1사 5:0,0.06,0.523,-0.257,1.80%,-0.002
06월 09일, 삼성,7회초,이승현,6 고승민,2 (0-1),2루수 땅볼 아웃,2사 5:1,이닝종료 5:1,0.11,0.099,-0.099,6.90%,-0.003
05월 31일, LG,7회초,김진성,4 고승민,7 (3-2),헛스윙 삼진,2사 5:1,이닝종료 5:1,0.11,0.099,-0.099,6.90%,-0.003
05월 10일, 두산,8회말,김명신,2 고승민,6 (3-2),루킹 삼진,무사 0:3,1사 0:3,0.11,0.523,-0.257,97.10%,-0.003
06월 28일, 삼성,8회말,김태훈,1 고승민,1 (0-0),투수 희생번트 아웃,무사 1루 6:8,1사 2루 6:8,0.36,0.94,-0.19,94.60%,-0.003
08월 31일, 한화,9회초,한승주,4 고승민,5 (2-2),중견수 플라이 아웃,무사 5:2,1사 5:2,0.13,0.523,-0.257,3.60%,-0.003
06월 14일, 한화,4회말,한승주,5 고승민,8 (3-2),헛스윙 삼진,2사 6:0,이닝종료 6:0,0.13,0.099,-0.099,3.60%,-0.003
06월 10일, 삼성,8회초,이승현,5 고승민,3 (2-0),우익수 플라이 아웃,무사 3:9,1사 3:9,0.14,0.523,-0.257,99.60%,-0.004
05월 28일, 키움,8회초,이명종,7 고승민,1 (0-0),투수 희생번트 아웃,무사 1루 5:2,1사 2루 5:2,0.4,0.94,-0.19,6.30%,-0.004
06월 30일, 두산,10회말,홍건희,1 고승민,2 (2-0),자동 고의4구,1사 3루 0:0,"1사 1,3루 0:0",4.72,0.979,0.279,82.40%,-0.004
05월 14일, KT,7회초,손동현,2 고승민,6 (3-2),헛스윙 삼진,1사 4:0,2사 4:0,0.14,0.266,-0.167,6.60%,-0.004
04월 07일, KT,9회말,손동현,5 고승민,5 (1-2),헛스윙 삼진,무사 1루 7:1,1사 1루 7:1,0.19,0.94,-0.41,0.30%,-0.004
05월 28일, 키움,2회초,정찬헌,7 고승민,3 (2-0),우익수 희생플라이 아웃,무사 만루 0:0,"1사 1,3루 1:0",2.22,2.393,-0.135,33.30%,-0.004
06월 25일, LG,9회초,고우석,3 고승민,2 (0-1),중견수 플라이 아웃,1사 3:7,2사 3:7,0.17,0.266,-0.167,99.90%,-0.004
04월 28일, 키움,8회말,하영민,3 고승민,4 (2-1),유격수 플라이 아웃,1사 2:4,2사 2:4,0.18,0.266,-0.167,93.00%,-0.005
05월 20일, SSG,9회말,문승원,9 고승민,1 (0-0),좌익수 플라이 아웃,무사 5:0,1사 5:0,0.2,0.523,-0.257,0.30%,-0.005
05월 18일, 한화,7회초,김기중,3 고승민,4 (1-2),좌익수 플라이 아웃,무사 4:0,1사 4:0,0.21,0.523,-0.257,6.20%,-0.005
06월 18일, SSG,4회초,엘리아스,1 고승민,5 (2-2),1루수 땅볼 아웃,2사 3:0,이닝종료 3:0,0.25,0.099,-0.099,21.10%,-0.006
05월 28일, 키움,6회초,양현,7 고승민,3 (1-1),중견수 플라이 아웃,무사 5:1,1사 5:1,0.26,0.523,-0.257,8.60%,-0.007
04월 18일, KIA,4회말,앤더슨,2 고승민,3 (1-1),3루수 땅볼 아웃,2사 1루 0:4,이닝종료 0:4,0.25,0.215,-0.215,90.00%,-0.007
04월 28일, 키움,5회말,최원태,3 고승민,5 (2-2),2루수 직선타 아웃,2사 2:4,이닝종료 2:4,0.29,0.099,-0.099,78.30%,-0.007
05월 26일, 키움,9회초,김성진,5 고승민,3 (0-2),2루수 플라이 아웃,무사 2:0,1사 2:0,0.29,0.523,-0.257,8.10%,-0.008
04월 19일, KIA,7회말,임기영,2 고승민,2 (0-1),2루수 땅볼 아웃,2사 1루 5:0,이닝종료 5:0,0.27,0.215,-0.215,1.70%,-0.008
04월 13일, LG,8회말,최동환,2 고승민,4 (1-2),헛스윙 삼진,무사 1루 6:8,1사 1루 6:8,0.36,0.94,-0.41,94.10%,-0.009
06월 22일, KT,6회초,주권,1 고승민,2 (1-0),좌익수 플라이 아웃,2사 1:4,이닝종료 1:4,0.34,0.099,-0.099,91.40%,-0.009
06월 01일, LG,7회초,플럿코,4 고승민,3 (1-1),우익수 플라이 아웃,무사 0:5,1사 0:5,0.35,0.523,-0.257,97.90%,-0.009
04월 12일, LG,2회말,강효종,6 고승민,3 (1-1),유격수 땅볼 아웃,2사 3:0,이닝종료 3:0,0.36,0.099,-0.099,20.20%,-0.009
08월 09일, 키움,2회초,후라도,8 고승민,5 (3-1),1루수 땅볼 아웃,2사 1:0,이닝종료 1:0,0.39,0.099,-0.099,44.00%,-0.01
04월 07일, KT,4회말,고영표,5 고승민,2 (0-1),2루수 땅볼 아웃,2사 3:0,이닝종료 3:0,0.38,0.099,-0.099,16.00%,-0.01
07월 06일, 한화,1회초,문동주,3 고승민,9 (3-2),헛스윙 삼진,2사 0:0,이닝종료 0:0,0.4,0.099,-0.099,54.80%,-0.01
06월 13일, 한화,8회말,김규연,5 고승민,5 (3-1),1루수 땅볼 아웃,2사 2루 5:7,이닝종료 5:7,0.36,0.373,-0.373,92.60%,-0.01
04월 16일, 삼성,1회초,원태인,3 고승민,4 (1-2),헛스윙 삼진,2사 0:0,이닝종료 0:0,0.4,0.099,-0.099,54.80%,-0.01
04월 28일, 키움,1회말,최원태,3 고승민,5 (1-2),헛스윙 삼진,2사 0:0,이닝종료 0:0,0.4,0.099,-0.099,50.00%,-0.01
04월 27일, 한화,1회말,김민우,3 고승민,4 (1-2),헛스윙 삼진,2사 0:0,이닝종료 0:0,0.4,0.099,-0.099,50.00%,-0.01
08월 05일, SSG,2회말,오원석,8 고승민,4 (1-2),유격수 땅볼 아웃,1사 1:3,2사 1:3,0.45,0.266,-0.167,72.30%,-0.011
06월 27일, 삼성,3회말,원태인,1 고승민,3 (2-0),좌익수 플라이 아웃,1사 0:2,2사 0:2,0.45,0.266,-0.167,74.10%,-0.011
04월 18일, KIA,8회말,김기훈,2 고승민,6 (2-2),헛스윙 삼진,"1사 1,2루 5:7","2사 1,2루 5:7",0.49,0.977,-0.493,93.80%,-0.011
09월 07일, 삼성,2회말,원태인,8 고승민,7 (2-2),2루수 땅볼 아웃,2사 1:0,이닝종료 1:0,0.46,0.099,-0.099,38.60%,-0.012
05월 12일, KT,3회초,고영표,2 고승민,1 (0-0),1루수 땅볼 아웃,2사 1:1,이닝종료 1:1,0.46,0.099,-0.099,55.50%,-0.012
05월 26일, 키움,6회초,후라도,5 고승민,4 (1-2),중견수 플라이 아웃,2사 1:0,이닝종료 1:0,0.48,0.099,-0.099,39.20%,-0.012
05월 16일, 한화,6회초,페냐,7 고승민,4 (1-2),헛스윙 삼진,2사 1:0,이닝종료 1:0,0.48,0.099,-0.099,39.20%,-0.012
05월 18일, 한화,3회초,장민재,3 고승민,5 (1-2),헛스윙 삼진,1사 2:0,2사 2:0,0.51,0.266,-0.167,31.50%,-0.013
05월 28일, 키움,4회초,정찬헌,7 고승민,2 (0-1),2루수 땅볼 아웃,1사 3:1,2사 3:1,0.51,0.266,-0.167,29.70%,-0.013
05월 26일, 키움,4회초,후라도,5 고승민,2 (0-1),중견수 플라이 아웃,2사 0:0,이닝종료 0:0,0.51,0.099,-0.099,56.00%,-0.013
05월 23일, NC,6회말,류진욱,3 고승민,1 (0-0),1루주자 고승민 : 2루도루실패,2사 1루 0:2,이닝종료 0:2,0.49,0.215,-0.215,81.90%,-0.014
05월 02일, KIA,1회초,메디나,2 고승민,1 (0-0),투수 희생번트 아웃,무사 2루 0:0,1사 3루 0:0,1.22,1.249,-0.27,45.50%,-0.015
06월 14일, 한화,2회말,한승주,5 고승민,1 (0-0),2루수 땅볼 아웃,무사 5:0,1사 5:0,0.58,0.523,-0.257,10.60%,-0.015
04월 14일, 삼성,5회초,뷰캐넌,2 고승민,5 (2-2),헛스윙 삼진,2사 3:4,이닝종료 3:4,0.57,0.099,-0.099,71.00%,-0.015
06월 30일, 두산,5회말,브랜든,1 고승민,3 (0-2),헛스윙 삼진,2사 0:0,이닝종료 0:0,0.58,0.099,-0.099,50.00%,-0.015
06월 25일, LG,7회초,박명근,3 고승민,11 (3-2),중견수 플라이 아웃,무사 3:1,1사 3:1,0.6,0.523,-0.257,19.60%,-0.015
05월 03일, KIA,7회초,장현식,8 고승민,5 (2-2),헛스윙 삼진,무사 1루 1:6,1사 1루 1:6,0.67,0.94,-0.41,96.90%,-0.015
06월 07일, KT,1회말,엄상백,2 고승민,3 (1-1),중견수 플라이 아웃,1사 0:0,2사 0:0,0.62,0.266,-0.167,51.00%,-0.015
05월 10일, 두산,1회말,최원준,2 고승민,7 (1-2),유격수 땅볼 아웃,1사 0:0,2사 0:0,0.62,0.266,-0.167,51.00%,-0.015
04월 19일, KIA,1회말,이의리,2 고승민,5 (2-2),유격수 땅볼 아웃,1사 0:0,2사 0:0,0.62,0.266,-0.167,51.00%,-0.015
05월 12일, KT,1회초,고영표,2 고승민,3 (1-1),1루수 땅볼 아웃,1사 0:0,2사 0:0,0.62,0.266,-0.167,53.80%,-0.016
04월 14일, 삼성,1회초,뷰캐넌,2 고승민,4 (1-2),2루수 땅볼 아웃,1사 0:0,2사 0:0,0.62,0.266,-0.167,53.80%,-0.016
04월 18일, KIA,3회말,앤더슨,2 고승민,6 (2-2),3루수 파울플라이 아웃,무사 0:2,1사 0:2,0.61,0.523,-0.257,75.20%,-0.016
04월 15일, 삼성,4회초,수아레즈,2 고승민,4 (0-2),루킹 삼진,2사 3루 4:0,이닝종료 4:0,0.58,0.387,-0.387,14.00%,-0.016
08월 03일, NC,8회말,류진욱,9 고승민,3 (1-1),2루수 땅볼 아웃,1사 4:1,2사 4:1,0.65,0.266,-0.167,4.10%,-0.016
09월 06일, 삼성,5회말,와이드너,9 고승민,4 (1-2),헛스윙 삼진,2사 1:0,이닝종료 1:0,0.64,0.099,-0.099,33.70%,-0.016
06월 08일, KT,1회말,배제성,2 고승민,3 (2-0),유격수 플라이 아웃,1사 1:0,2사 1:0,0.65,0.266,-0.167,40.60%,-0.016
08월 24일, LG,2회초,켈리,6 고승민,4 (2-1),중견수 플라이 아웃,1사 0:0,2사 0:0,0.65,0.266,-0.167,54.00%,-0.016
05월 27일, 키움,2회초,최원태,5 고승민,3 (0-2),낫아웃 삼진,1사 0:0,2사 0:0,0.65,0.266,-0.167,54.00%,-0.016
05월 26일, 키움,2회초,후라도,5 고승민,1 (0-0),2루수 땅볼 아웃,1사 0:0,2사 0:0,0.65,0.266,-0.167,54.00%,-0.016
04월 02일, 두산,2회초,최원준,5 고승민,5 (2-2),헛스윙 삼진,1사 0:0,2사 0:0,0.65,0.266,-0.167,54.00%,-0.016
08월 17일, SSG,2회말,오원석,9 고승민,3 (2-0),1루수 땅볼 아웃,1사 2:2,2사 2:2,0.67,0.266,-0.167,51.10%,-0.017
06월 01일, LG,2회초,플럿코,4 고승민,5 (2-2),헛스윙 삼진,무사 0:4,1사 0:4,0.66,0.523,-0.257,86.30%,-0.017
05월 09일, 두산,1회말,알칸타라,2 고승민,6 (3-2),1루수 땅볼 아웃,무사 1루 0:0,1사 2루 0:0,1.42,0.94,-0.19,56.60%,-0.017
07월 06일, 한화,5회초,이태양,3 고승민,4 (1-2),2루수 땅볼 아웃,1사 3:2,2사 3:2,0.69,0.266,-0.167,40.00%,-0.017
08월 04일, SSG,6회말,노경은,7 고승민,3 (0-2),헛스윙 삼진,1사 4:1,2사 4:1,0.7,0.266,-0.167,11.30%,-0.018
05월 14일, KT,3회초,배제성,2 고승민,2 (0-1),1루수 땅볼 아웃,무사 2:0,1사 2:0,0.69,0.523,-0.257,30.20%,-0.018
04월 11일, LG,2회말,박명근,5 고승민,3 (0-2),헛스윙 삼진,1사 1:0,2사 1:0,0.71,0.266,-0.167,39.80%,-0.018
08월 12일, KIA,7회말,임기영,9 고승민,5 (2-2),우익수 플라이 아웃,무사 9:5,1사 9:5,0.69,0.523,-0.257,5.10%,-0.018
09월 09일, NC,2회초,최성영,9 고승민,3 (0-2),루킹 삼진,2사 1루 2:0,이닝종료 2:0,0.64,0.215,-0.215,33.70%,-0.018
05월 10일, 두산,5회말,최원준,2 고승민,5 (2-2),헛스윙 삼진,1사 1루 0:2,2사 1루 0:2,0.75,0.53,-0.315,79.80%,-0.018
08월 06일, SSG,8회말,문승원,7 고승민,4 (2-1),투수 희생번트 아웃,무사 1루 0:0,1사 2루 0:0,2.68,0.94,-0.19,65.20%,-0.019
06월 28일, 삼성,3회말,수아레즈,1 고승민,2 (1-0),좌익수 플라이 아웃,무사 5:1,1사 5:1,0.75,0.523,-0.257,14.00%,-0.019
04월 14일, 삼성,9회초,오승환,2 고승민,4 (1-2),중견수 플라이 아웃,무사 6:9,1사 6:9,0.75,0.523,-0.257,98.60%,-0.019
06월 08일, KT,4회말,배제성,2 고승민,9 (3-2),헛스윙 삼진,무사 4:0,1사 4:0,0.76,0.523,-0.257,12.00%,-0.019
05월 11일, 두산,1회말,딜런,2 고승민,4 (2-1),2루수 땅볼 아웃,무사 1루 1:0,1사 2루 1:0,1.53,0.94,-0.19,46.40%,-0.019
05월 09일, 두산,6회말,알칸타라,2 고승민,3 (1-1),유격수 땅볼 아웃,2사 2:1,이닝종료 2:1,0.75,0.099,-0.099,30.50%,-0.019
09월 09일, NC,5회초,송명기,7 고승민,2 (1-0),좌익수 플라이 아웃,1사 0:2,2사 0:2,0.79,0.266,-0.167,80.30%,-0.019
04월 15일, 삼성,6회초,이상민,2 고승민,4 (1-2),중견수 플라이 아웃,2사 3루 6:3,이닝종료 6:3,0.72,0.387,-0.387,15.80%,-0.02
04월 22일, NC,4회초,신민혁,3 고승민,5 (2-2),헛스윙 삼진,"1사 2,3루 6:1","2사 2,3루 6:1",0.39,1.578,-0.944,7.40%,-0.02
04월 01일, 두산,2회초,알칸타라,5 고승민,2 (0-1),1루수 땅볼 아웃,무사 0:3,1사 0:3,0.81,0.523,-0.257,80.20%,-0.02
04월 30일, 키움,3회말,안우진,3 고승민,4 (1-2),좌익수 플라이 아웃,무사 0:1,1사 0:1,0.8,0.523,-0.257,65.00%,-0.021
04월 21일, NC,6회초,구창모,2 고승민,4 (1-2),헛스윙 삼진,1사 0:2,2사 0:2,0.85,0.266,-0.167,83.50%,-0.021
04월 16일, 삼성,6회초,원태인,3 고승민,4 (1-2),우익수 플라이 아웃,1사 0:2,2사 0:2,0.85,0.266,-0.167,83.50%,-0.021
08월 17일, SSG,4회말,오원석,9 고승민,5 (2-2),2루수 땅볼 아웃,무사 2:3,1사 2:3,0.83,0.523,-0.257,66.60%,-0.021
06월 24일, LG,3회초,플럿코,1 고승민,2 (0-1),1루수 땅볼 아웃,무사 0:3,1사 0:3,0.84,0.523,-0.257,82.00%,-0.021
06월 01일, LG,4회초,플럿코,4 고승민,4 (1-2),헛스윙 삼진,1사 1루 0:4,2사 1루 0:4,0.88,0.53,-0.315,90.00%,-0.021
08월 08일, 키움,5회초,안우진,1 고승민,5 (3-1),유격수 땅볼 아웃,1사 0:0,2사 0:0,0.87,0.266,-0.167,55.20%,-0.022
06월 17일, SSG,2회초,김광현,1 고승민,4 (1-2),헛스윙 삼진,1사 1루 2:0,2사 2루 2:0,0.9,0.53,-0.315,31.90%,-0.022
06월 21일, KT,3회초,고영표,1 고승민,2 (1-0),좌익수 플라이 아웃,무사 1:0,1사 1:0,0.87,0.523,-0.257,40.80%,-0.022
06월 30일, 두산,1회말,브랜든,1 고승민,4 (1-2),2루수 땅볼 아웃,무사 0:0,1사 0:0,0.87,0.523,-0.257,52.60%,-0.022
06월 27일, 삼성,1회말,원태인,1 고승민,1 (0-0),투수 땅볼 아웃,무사 0:0,1사 0:0,0.87,0.523,-0.257,52.60%,-0.022
08월 08일, 키움,1회초,안우진,1 고승민,3 (0-2),헛스윙 삼진,무사 0:0,1사 0:0,0.87,0.523,-0.257,52.20%,-0.022
07월 05일, 한화,1회초,한승주,1 고승민,3 (1-1),2루수 땅볼 아웃,무사 0:0,1사 0:0,0.87,0.523,-0.257,52.20%,-0.022
06월 24일, LG,1회초,플럿코,1 고승민,1 (0-0),유격수 땅볼 아웃,무사 0:0,1사 0:0,0.87,0.523,-0.257,52.20%,-0.022
06월 23일, LG,1회초,켈리,1 고승민,4 (2-1),중견수 플라이 아웃,무사 0:0,1사 0:0,0.87,0.523,-0.257,52.20%,-0.022
06월 18일, SSG,1회초,엘리아스,1 고승민,4 (1-2),루킹 삼진,무사 0:0,1사 0:0,0.87,0.523,-0.257,52.20%,-0.022
05월 02일, KIA,4회초,김대유,2 고승민,5 (2-2),헛스윙 삼진,1사 1루 5:3,2사 2루 5:3,0.92,0.53,-0.315,28.80%,-0.022
06월 13일, 한화,1회말,문동주,5 고승민,3 (1-1),2루수 땅볼 아웃,2사 1루 1:1,이닝종료 1:1,0.79,0.215,-0.215,50.00%,-0.022
08월 05일, SSG,5회말,이로운,8 고승민,6 (3-2),헛스윙 삼진,2사 1루 4:5,이닝종료 4:5,0.8,0.215,-0.215,66.30%,-0.023
05월 19일, SSG,5회말,임준섭,3 고승민,6 (3-2),헛스윙 삼진,2사 2루 1:3,이닝종료 1:3,0.8,0.373,-0.373,78.30%,-0.023
05월 14일, KT,4회초,배제성,2 고승민,5 (2-2),낫아웃 삼진,"2사 2,3루 4:0",이닝종료 4:0,0.77,0.634,-0.634,14.00%,-0.023
06월 10일, 삼성,2회초,수아레즈,5 고승민,2 (1-0),유격수 땅볼 아웃,무사 0:2,1사 0:2,0.92,0.523,-0.257,72.40%,-0.023
08월 04일, SSG,4회말,박종훈,7 고승민,9 (3-2),좌익수 플라이 아웃,2사 2루 4:0,이닝종료 4:0,0.82,0.373,-0.373,10.00%,-0.023
05월 09일, 두산,9회말,홍건희,2 고승민,3 (1-1),투수 땅볼 아웃,무사 5:2,1사 5:2,0.91,0.523,-0.257,1.80%,-0.023
07월 01일, 두산,1회말,곽빈,1 고승민,6 (3-2),2루수 땅볼 아웃,무사 1:0,1사 1:0,0.92,0.523,-0.257,42.20%,-0.024
09월 03일, 두산,7회말,박치국,7 고승민,6 (2-2),중견수 플라이 아웃,2사 1:0,이닝종료 1:0,0.94,0.099,-0.099,25.20%,-0.024
04월 30일, 키움,5회말,안우진,3 고승민,4 (1-2),1루수 땅볼 아웃,1사 3:2,2사 3:2,0.97,0.266,-0.167,35.40%,-0.024
04월 01일, 두산,3회초,알칸타라,5 고승민,2 (0-1),유격수 땅볼 아웃,2사 1루 1:3,이닝종료 1:3,0.85,0.215,-0.215,76.80%,-0.024
05월 21일, SSG,5회말,맥카티,8 고승민,2 (1-0),중견수 플라이 아웃,1사 1루 4:0,2사 1루 4:0,1,0.53,-0.315,9.60%,-0.024
05월 12일, KT,6회초,고영표,2 고승민,4 (1-2),헛스윙 삼진,1사 1:1,2사 1:1,0.98,0.266,-0.167,55.80%,-0.024
08월 08일, 키움,7회초,이명종,1 고승민,4 (2-1),2루수 땅볼 아웃,무사 1:0,1사 1:0,0.98,0.523,-0.257,32.90%,-0.025
06월 22일, KT,3회초,벤자민,1 고승민,4 (1-2),2루수 땅볼 아웃,무사 0:2,1사 0:2,0.97,0.523,-0.257,74.00%,-0.025
04월 07일, KT,2회말,고영표,5 고승민,9 (3-2),1루수 땅볼 아웃,무사 2:0,1사 2:0,0.97,0.523,-0.257,31.20%,-0.025
08월 06일, SSG,3회말,맥카티,7 고승민,4 (1-2),헛스윙 삼진,무사 0:0,1사 0:0,0.99,0.523,-0.257,53.00%,-0.025
04월 20일, KIA,3회말,메디나,3 고승민,2 (0-1),투수 땅볼 아웃,무사 3:3,1사 3:3,0.99,0.523,-0.257,53.00%,-0.025
08월 08일, 키움,3회초,안우진,1 고승민,1 (0-0),유격수 땅볼 아웃,무사 0:0,1사 0:0,0.99,0.523,-0.257,52.50%,-0.025
07월 02일, 두산,3회말,알칸타라,1 고승민,4 (1-2),헛스윙 삼진,2사 1루 0:0,이닝종료 0:0,0.92,0.215,-0.215,50.00%,-0.026
09월 09일, NC,6회초,김영규,9 고승민,2 (1-0),3루수 번트 땅볼 아웃,2사 1루 4:3,이닝종료 4:3,0.92,0.215,-0.215,39.20%,-0.026
04월 27일, 한화,5회말,김민우,3 고승민,4 (1-2),좌익수 플라이 아웃,2사 3루 0:2,이닝종료 0:2,0.95,0.387,-0.387,78.30%,-0.026
09월 09일, NC,3회초,송명기,7 고승민,3 (0-2),2루수 땅볼 아웃,무사 0:1,1사 0:1,1.03,0.523,-0.257,64.00%,-0.026
05월 31일, LG,3회초,켈리,4 고승민,5 (2-2),중견수 플라이 아웃,2사 2루 2:0,이닝종료 2:0,0.94,0.373,-0.373,32.30%,-0.027
05월 23일, NC,4회말,신민혁,3 고승민,2 (0-1),중견수 플라이 아웃,무사 0:0,1사 0:0,1.07,0.523,-0.257,53.30%,-0.027
04월 27일, 한화,4회말,김민우,3 고승민,7 (3-2),헛스윙 삼진,무사 0:0,1사 0:0,1.07,0.523,-0.257,53.30%,-0.027
08월 24일, LG,4회초,켈리,6 고승민,6 (2-2),헛스윙 삼진,2사 1루 0:0,이닝종료 0:0,1,0.215,-0.215,56.00%,-0.028
04월 26일, 한화,5회말,김기중,3 고승민,6 (3-2),1루수 땅볼 아웃,1사 2루 1:2,2사 3루 1:2,1.18,0.75,-0.363,70.10%,-0.028
07월 02일, 두산,8회말,김명신,1 고승민,5 (2-2),좌익수 파울플라이 아웃,1사 4:2,2사 4:2,1.15,0.266,-0.167,9.00%,-0.029
04월 09일, KT,5회말,배제성,7 고승민,1 (0-0),중견수 플라이 아웃,무사 0:0,1사 0:0,1.17,0.523,-0.257,53.60%,-0.03
07월 05일, 한화,5회초,이태양,1 고승민,6 (2-2),헛스윙 삼진,무사 1:1,1사 1:1,1.19,0.523,-0.257,53.00%,-0.03
07월 01일, 두산,4회말,곽빈,1 고승민,2 (1-0),중견수 플라이 아웃,무사 1:0,1사 1:0,1.19,0.523,-0.257,39.50%,-0.03
05월 09일, 두산,4회말,알칸타라,2 고승민,6 (2-2),유격수 땅볼 아웃,무사 2:1,1사 2:1,1.19,0.523,-0.257,39.50%,-0.03
05월 16일, 한화,4회초,페냐,7 고승민,4 (2-1),1루수 땅볼 아웃,1사 2루 1:0,2사 3루 1:0,1.26,0.75,-0.363,38.60%,-0.031
06월 21일, KT,6회초,고영표,1 고승민,3 (0-2),중견수 플라이 아웃,무사 1:3,1사 1:3,1.23,0.523,-0.257,81.40%,-0.031
08월 06일, SSG,5회말,맥카티,7 고승민,2 (1-1),1루주자 고승민 : 2루도루실패,2사 1루 0:0,이닝종료 0:0,1.11,0.215,-0.215,50.00%,-0.031
04월 26일, 한화,1회말,장민재,3 고승민,5 (2-2),우익수 플라이 아웃,1사 2루 1:0,2사 3루 1:0,1.29,0.75,-0.363,43.20%,-0.032
04월 07일, KT,7회말,고영표,5 고승민,4 (2-1),1루수 땅볼 아웃,무사 1루 4:1,1사 2루 4:1,1.96,0.94,-0.19,14.10%,-0.032
06월 20일, KT,5회초,배제성,1 고승민,4 (2-1),2루수 땅볼 아웃,1사 2루 1:0,2사 3루 1:0,1.32,0.75,-0.363,37.10%,-0.032
04월 01일, 두산,11회초,최지강,5 고승민,4 (2-1),중견수 플라이 아웃,"2사 1,2루 10:9",이닝종료 10:9,1.25,0.484,-0.484,20.00%,-0.032
05월 11일, 두산,2회말,딜런,2 고승민,2 (0-1),선행주자아웃 출루,"1사 1,2루 1:2","2사 1,3루 1:2",1.69,0.977,-0.441,65.80%,-0.032
07월 05일, 한화,7회초,김범수,1 고승민,3 (0-2),중견수 플라이 아웃,2사 1루 1:3,이닝종료 1:3,1.15,0.215,-0.215,89.00%,-0.033
05월 14일, KT,1회초,배제성,2 고승민,3 (0-2),루킹 삼진,무사 1루 0:0,1사 1루 0:0,1.44,0.94,-0.41,49.80%,-0.033
08월 04일, SSG,8회말,문승원,7 고승민,1 (0-0),선행주자아웃 출루,1사 1루 4:1,2사 1루 4:1,1.38,0.53,-0.315,5.50%,-0.034
05월 23일, NC,1회말,신민혁,3 고승민,5 (2-2),헛스윙 삼진,1사 2루 0:0,2사 2루 0:0,1.21,0.75,-0.377,53.20%,-0.034
06월 23일, LG,6회초,켈리,1 고승민,3 (2-0),유격수 플라이 아웃,무사 0:0,1사 0:0,1.34,0.523,-0.257,53.40%,-0.034
04월 01일, 두산,8회초,정철원,5 고승민,6 (3-2),루킹 삼진,1사 8:8,2사 8:8,1.39,0.266,-0.167,58.20%,-0.035
05월 02일, KIA,2회초,메디나,2 고승민,2 (0-1),유격수 땅볼 아웃,2사 3루 3:2,이닝종료 3:2,1.27,0.387,-0.387,44.00%,-0.035
04월 26일, 한화,7회말,김범수,3 고승민,4 (1-2),헛스윙 삼진,"1사 2,3루 1:3","2사 2,3루 1:3",0.69,1.578,-0.944,89.30%,-0.036
07월 05일, 한화,9회초,박상원,1 고승민,5 (2-2),헛스윙 삼진,2사 2루 3:5,이닝종료 3:5,1.3,0.373,-0.373,100.00%,-0.037
08월 16일, SSG,2회말,박종훈,8 고승민,2 (0-1),선행주자아웃 출루,무사 1루 2:1,1사 1루 2:1,1.65,0.94,-0.41,44.30%,-0.038
04월 14일, 삼성,3회초,뷰캐넌,2 고승민,1 (0-0),3루수 플라이 아웃,무사 1루 2:4,1사 1루 2:4,1.66,0.94,-0.41,71.20%,-0.038
06월 23일, LG,3회초,켈리,1 고승민,4 (1-2),중견수 플라이 아웃,1사 2루 0:0,2사 2루 0:0,1.39,0.75,-0.377,51.80%,-0.039
05월 21일, SSG,7회말,노경은,8 고승민,5 (1-2),헛스윙 삼진,무사 4:2,1사 4:2,1.54,0.523,-0.257,17.60%,-0.039
06월 07일, KT,6회말,엄상백,2 고승민,9 (2-2),유격수 땅볼 아웃,무사 2:1,1사 2:1,1.57,0.523,-0.257,35.20%,-0.04
06월 28일, 삼성,6회말,수아레즈,1 고승민,2 (0-1),1루수 땅볼 아웃,"1사 1,2루 5:5","2사 2,3루 5:5",2.78,0.977,-0.343,58.70%,-0.041
05월 24일, NC,8회말,임정호,8 고승민,4 (1-2),낫아웃 삼진,2사 1루 3:1,이닝종료 3:1,1.5,0.215,-0.215,7.40%,-0.043
05월 17일, 한화,10회초,윤대경,7 고승민,4 (1-2),중견수 플라이 아웃,1사 1:1,2사 1:1,1.8,0.266,-0.167,60.40%,-0.045
05월 12일, KT,9회초,박영현,2 고승민,3 (0-2),루킹 삼진,1사 1:1,2사 1:1,1.8,0.266,-0.167,60.40%,-0.045
06월 18일, SSG,2회초,엘리아스,1 고승민,3 (0-2),헛스윙 삼진,"2사 2,3루 2:0",이닝종료 2:0,1.53,0.634,-0.634,33.70%,-0.045
08월 16일, SSG,2회말,박종훈,8 고승민,,1루주자 고승민 : 2루도루실패,1사 1루 2:1,2사 2:1,1.32,0.53,-0.431,39.80%,-0.046
04월 02일, 두산,4회초,최원준,5 고승민,4 (1-2),1루수 땅볼 아웃,2사 3루 0:0,이닝종료 0:0,1.67,0.387,-0.387,56.00%,-0.046
08월 05일, SSG,8회말,노경은,8 고승민,4 (1-2),우익수 플라이 아웃,무사 6:6,1사 6:6,1.81,0.523,-0.257,56.10%,-0.046
06월 03일, KIA,8회말,최지민,7 고승민,4 (1-2),루킹 삼진,무사 5:5,1사 5:5,1.81,0.523,-0.257,56.10%,-0.046
06월 10일, 삼성,5회초,수아레즈,5 고승민,6 (3-2),헛스윙 삼진,2사 2루 2:3,이닝종료 2:3,1.63,0.373,-0.373,71.00%,-0.046
04월 12일, LG,7회말,김진성,6 고승민,3 (2-0),좌익수 플라이 아웃,무사 5:4,1사 5:4,1.91,0.523,-0.257,31.10%,-0.049
05월 17일, 한화,7회초,김서현,7 고승민,7 (3-2),헛스윙 삼진,1사 1루 1:1,2사 1:1,2.05,0.53,-0.315,54.60%,-0.049
04월 21일, NC,4회초,구창모,2 고승민,6 (2-2),헛스윙 삼진,무사 2루 0:2,1사 2루 0:2,1.54,1.249,-0.499,71.30%,-0.049
05월 19일, SSG,1회말,박종훈,3 고승민,4 (0-2),헛스윙 삼진,"무사 1,2루 0:0","1사 1,2루 0:0",1.83,1.623,-0.647,58.50%,-0.051
04월 30일, 키움,1회말,안우진,3 고승민,2 (1-0),3루수 파울플라이 아웃,"무사 1,2루 0:0","1사 1,2루 0:0",1.83,1.623,-0.647,58.50%,-0.051
07월 01일, 두산,7회말,김명신,1 고승민,4 (1-2),헛스윙 삼진,2사 1루 1:0,이닝종료 1:0,1.83,0.215,-0.215,25.20%,-0.052
09월 10일, NC,9회초,이용찬,2 고승민,6 (1-2),헛스윙 삼진,1사 2루 1:3,2사 2루 1:3,2.1,0.75,-0.377,96.30%,-0.058
09월 07일, 삼성,4회말,원태인,8 고승민,5 (2-2),3루수 파울플라이 아웃,"2사 1,2루 1:0",이닝종료 1:0,2.25,0.484,-0.484,35.90%,-0.058
05월 11일, 두산,4회말,딜런,2 고승민,2 (1-0),3루수 파울플라이 아웃,"2사 1,2루 3:2",이닝종료 3:2,2.25,0.484,-0.484,35.90%,-0.058
08월 05일, SSG,3회말,오원석,8 고승민,5 (3-1),1루수 땅볼 출루,"1사 1,3루 2:5",이닝종료 2:5,0.93,1.258,-1.258,81.80%,-0.059
05월 16일, 한화,9회초,박상원,7 고승민,4 (1-2),헛스윙 삼진,무사 1:1,1사 1:1,2.32,0.523,-0.257,55.90%,-0.059
08월 26일, KT,6회말,배제성,5 고승민,3 (2-0),좌익수 플라이 아웃,무사 2루 2:2,1사 2루 2:2,1.7,1.249,-0.499,60.50%,-0.063
06월 13일, 한화,3회말,문동주,5 고승민,1 (0-0),중견수 방면 1루타,"무사 1,2루 3:2","1사 1,2루 3:2",2.32,1.623,-0.647,48.10%,-0.065
06월 20일, KT,7회초,박영현,1 고승민,4 (1-2),헛스윙 삼진,1사 2루 2:3,2사 2루 2:3,2.41,0.75,-0.377,72.70%,-0.068
06월 27일, 삼성,8회말,원태인,1 고승민,3 (0-2),낫아웃 삼진,2사 1루 3:2,이닝종료 3:2,2.43,0.215,-0.215,16.20%,-0.069
06월 10일, 삼성,3회초,수아레즈,5 고승민,3 (2-0),포수 파울플라이 아웃,"1사 1,3루 1:3","2사 1,3루 1:3",2.04,1.258,-0.722,71.50%,-0.071
06월 07일, KT,8회말,박영현,2 고승민,1 (0-0),3루수 파울플라이 아웃,1사 2루 2:2,2사 2루 2:2,2.54,0.75,-0.377,58.00%,-0.072
04월 01일, 두산,4회초,알칸타라,5 고승민,6 (3-2),1루수 땅볼 아웃,2사 만루 4:3,이닝종료 4:3,2.87,0.944,-0.944,42.50%,-0.073
04월 30일, 키움,7회말,김동혁,3 고승민,4 (1-2),선행주자아웃 출루,"1사 1,2루 3:2","2사 1,3루 3:2",4.13,0.977,-0.441,36.10%,-0.079
08월 05일, SSG,10회말,서진용,8 고승민,8 (3-2),3루수 병살타 아웃,무사 1루 9:6,2사 9:6,1.86,0.94,-0.841,0.50%,-0.083
09월 09일, NC,8회초,임정호,9 고승민,4 (1-2),헛스윙 삼진,2사 3루 5:6,이닝종료 5:6,3.36,0.387,-0.387,86.90%,-0.092
04월 09일, KT,6회말,배제성,7 고승민,5 (3-1),선행주자아웃 출루,2사 만루 0:0,이닝종료 0:0,4.11,0.944,-0.944,50.00%,-0.104
08월 16일, SSG,4회말,박종훈,8 고승민,5 (2-2),중견수 플라이 아웃,1사 만루 2:1,이닝종료 2:1,3.44,1.665,-1.665,35.90%,-0.198
04월 21일, NC,8회초,임정호,2 고승민,2 (0-1),2루수 병살타 아웃,무사 만루 0:2,2사 3루 1:2,4.92,2.393,-1.006,77.60%,-0.225
07월 01일, 두산,9회말,정철원,1 고승민,7 (3-2),헛스윙 삼진,"2사 2,3루 2:1",이닝종료 2:1,8.28,0.634,-0.634,0.00%,-0.242
